CPRO;LITPRO;BI_ALVHEPCO_TVC_11;BI_ALVHEPCO_TVU_11;ALQM2_LV_M_VC_11;ALQM2_LV_25_VC_11;ALQM2_LV_75_VC_11;ALQM2_LV_M_VU_11;ALQM2_LV_25_VU_11;ALQM2_LV_75_VU_11;ALQTBID12_M_VC_11;ALQTBID12_25_VC_11;ALQTBID12_75_VC_11;ALQTBID12_M_VU_11;ALQTBID12_25_VU_11;ALQTBID12_75_VU_11;SLVM2_M_VC_11;SLVM2_25_VC_11;SLVM2_75_VC_11;SLVM2_M_VU_11;SLVM2_25_VU_11;SLVM2_75_VU_11;BI_ALVHEPCO_TVC_12;BI_ALVHEPCO_TVU_12;ALQM2_LV_M_VC_12;ALQM2_LV_25_VC_12;ALQM2_LV_75_VC_12;ALQM2_LV_M_VU_12;ALQM2_LV_25_VU_12;ALQM2_LV_75_VU_12;ALQTBID12_M_VC_12;ALQTBID12_25_VC_12;ALQTBID12_75_VC_12;ALQTBID12_M_VU_12;ALQTBID12_25_VU_12;ALQTBID12_75_VU_12;SLVM2_M_VC_12;SLVM2_25_VC_12;SLVM2_75_VC_12;SLVM2_M_VU_12;SLVM2_25_VU_12;SLVM2_75_VU_12;BI_ALVHEPCO_TVC_13;BI_ALVHEPCO_TVU_13;ALQM2_LV_M_VC_13;ALQM2_LV_25_VC_13;ALQM2_LV_75_VC_13;ALQM2_LV_M_VU_13;ALQM2_LV_25_VU_13;ALQM2_LV_75_VU_13;ALQTBID12_M_VC_13;ALQTBID12_25_VC_13;ALQTBID12_75_VC_13;ALQTBID12_M_VU_13;ALQTBID12_25_VU_13;ALQTBID12_75_VU_13;SLVM2_M_VC_13;SLVM2_25_VC_13;SLVM2_75_VC_13;SLVM2_M_VU_13;SLVM2_25_VU_13;SLVM2_75_VU_13;BI_ALVHEPCO_TVC_14;BI_ALVHEPCO_TVU_14;ALQM2_LV_M_VC_14;ALQM2_LV_25_VC_14;ALQM2_LV_75_VC_14;ALQM2_LV_M_VU_14;ALQM2_LV_25_VU_14;ALQM2_LV_75_VU_14;ALQTBID12_M_VC_14;ALQTBID12_25_VC_14;ALQTBID12_75_VC_14;ALQTBID12_M_VU_14;ALQTBID12_25_VU_14;ALQTBID12_75_VU_14;SLVM2_M_VC_14;SLVM2_25_VC_14;SLVM2_75_VC_14;SLVM2_M_VU_14;SLVM2_25_VU_14;SLVM2_75_VU_14;BI_ALVHEPCO_TVC_15;BI_ALVHEPCO_TVU_15;ALQM2_LV_M_VC_15;ALQM2_LV_25_VC_15;ALQM2_LV_75_VC_15;ALQM2_LV_M_VU_15;ALQM2_LV_25_VU_15;ALQM2_LV_75_VU_15;ALQTBID12_M_VC_15;ALQTBID12_25_VC_15;ALQTBID12_75_VC_15;ALQTBID12_M_VU_15;ALQTBID12_25_VU_15;ALQTBID12_75_VU_15;SLVM2_M_VC_15;SLVM2_25_VC_15;SLVM2_75_VC_15;SLVM2_M_VU_15;SLVM2_25_VU_15;SLVM2_75_VU_15;BI_ALVHEPCO_TVC_16;BI_ALVHEPCO_TVU_16;ALQM2_LV_M_VC_16;ALQM2_LV_25_VC_16;ALQM2_LV_75_VC_16;ALQM2_LV_M_VU_16;ALQM2_LV_25_VU_16;ALQM2_LV_75_VU_16;ALQTBID12_M_VC_16;ALQTBID12_25_VC_16;ALQTBID12_75_VC_16;ALQTBID12_M_VU_16;ALQTBID12_25_VU_16;ALQTBID12_75_VU_16;SLVM2_M_VC_16;SLVM2_25_VC_16;SLVM2_75_VC_16;SLVM2_M_VU_16;SLVM2_25_VU_16;SLVM2_75_VU_16;BI_ALVHEPCO_TVC_17;BI_ALVHEPCO_TVU_17;ALQM2_LV_M_VC_17;ALQM2_LV_25_VC_17;ALQM2_LV_75_VC_17;ALQM2_LV_M_VU_17;ALQM2_LV_25_VU_17;ALQM2_LV_75_VU_17;ALQTBID12_M_VC_17;ALQTBID12_25_VC_17;ALQTBID12_75_VC_17;ALQTBID12_M_VU_17;ALQTBID12_25_VU_17;ALQTBID12_75_VU_17;SLVM2_M_VC_17;SLVM2_25_VC_17;SLVM2_75_VC_17;SLVM2_M_VU_17;SLVM2_25_VU_17;SLVM2_75_VU_17;BI_ALVHEPCO_TVC_18;BI_ALVHEPCO_TVU_18;ALQM2_LV_M_VC_18;ALQM2_LV_25_VC_18;ALQM2_LV_75_VC_18;ALQM2_LV_M_VU_18;ALQM2_LV_25_VU_18;ALQM2_LV_75_VU_18;ALQTBID12_M_VC_18;ALQTBID12_25_VC_18;ALQTBID12_75_VC_18;ALQTBID12_M_VU_18;ALQTBID12_25_VU_18;ALQTBID12_75_VU_18;SLVM2_M_VC_18;SLVM2_25_VC_18;SLVM2_75_VC_18;SLVM2_M_VU_18;SLVM2_25_VU_18;SLVM2_75_VU_18;BI_ALVHEPCO_TVC_19;BI_ALVHEPCO_TVU_19;ALQM2_LV_M_VC_19;ALQM2_LV_25_VC_19;ALQM2_LV_75_VC_19;ALQM2_LV_M_VU_19;ALQM2_LV_25_VU_19;ALQM2_LV_75_VU_19;ALQTBID12_M_VC_19;ALQTBID12_25_VC_19;ALQTBID12_75_VC_19;ALQTBID12_M_VU_19;ALQTBID12_25_VU_19;ALQTBID12_75_VU_19;SLVM2_M_VC_19;SLVM2_25_VC_19;SLVM2_75_VC_19;SLVM2_M_VU_19;SLVM2_25_VU_19;SLVM2_75_VU_19;BI_ALVHEPCO_TVC_20;BI_ALVHEPCO_TVU_20;ALQM2_LV_M_VC_20;ALQM2_LV_25_VC_20;ALQM2_LV_75_VC_20;ALQM2_LV_M_VU_20;ALQM2_LV_25_VU_20;ALQM2_LV_75_VU_20;ALQTBID12_M_VC_20;ALQTBID12_25_VC_20;ALQTBID12_75_VC_20;ALQTBID12_M_VU_20;ALQTBID12_25_VU_20;ALQTBID12_75_VU_20;SLVM2_M_VC_20;SLVM2_25_VC_20;SLVM2_75_VC_20;SLVM2_M_VU_20;SLVM2_25_VU_20;SLVM2_75_VU_20;BI_ALVHEPCO_TVC_21;BI_ALVHEPCO_TVU_21;ALQM2_LV_M_VC_21;ALQM2_LV_25_VC_21;ALQM2_LV_75_VC_21;ALQM2_LV_M_VU_21;ALQM2_LV_25_VU_21;ALQM2_LV_75_VU_21;ALQTBID12_M_VC_21;ALQTBID12_25_VC_21;ALQTBID12_75_VC_21;ALQTBID12_M_VU_21;ALQTBID12_25_VU_21;ALQTBID12_75_VU_21;SLVM2_M_VC_21;SLVM2_25_VC_21;SLVM2_75_VC_21;SLVM2_M_VU_21;SLVM2_25_VU_21;SLVM2_75_VU_21;BI_ALVHEPCO_TVC_22;BI_ALVHEPCO_TVU_22;ALQM2_LV_M_VC_22;ALQM2_LV_25_VC_22;ALQM2_LV_75_VC_22;ALQM2_LV_M_VU_22;ALQM2_LV_25_VU_22;ALQM2_LV_75_VU_22;ALQTBID12_M_VC_22;ALQTBID12_25_VC_22;ALQTBID12_75_VC_22;ALQTBID12_M_VU_22;ALQTBID12_25_VU_22;ALQTBID12_75_VU_22;SLVM2_M_VC_22;SLVM2_25_VC_22;SLVM2_75_VC_22;SLVM2_M_VU_22;SLVM2_25_VU_22;SLVM2_75_VU_22;BI_ALVHEPCO_TVC_23;BI_ALVHEPCO_TVU_23;ALQM2_LV_M_VC_23;ALQM2_LV_25_VC_23;ALQM2_LV_75_VC_23;ALQM2_LV_M_VU_23;ALQM2_LV_25_VU_23;ALQM2_LV_75_VU_23;ALQTBID12_M_VC_23;ALQTBID12_25_VC_23;ALQTBID12_75_VC_23;ALQTBID12_M_VU_23;ALQTBID12_25_VU_23;ALQTBID12_75_VU_23;SLVM2_M_VC_23;SLVM2_25_VC_23;SLVM2_75_VC_23;SLVM2_M_VU_23;SLVM2_25_VU_23;SLVM2_75_VU_23
02;Albacete;6895;722;4,4;3,0;5,8;2,4;1,5;3,6;400;283;501;291;200;402;96;78;115;191;138;263;6924;726;4,3;3,0;5,6;2,4;1,5;3,5;399;283;500;299;200;413;96;78;115;201;142;270;7076;753;4,1;2,8;5,3;2,3;1,4;3,2;375;268;474;288;200;400;96;78;115;199;141;270;7498;862;4,0;2,9;5,1;2,4;1,5;3,4;360;269;450;293;200;400;96;78;115;197;140;263;8067;964;4,0;2,9;5,0;2,3;1,4;3,2;351;270;450;280;200;400;96;78;116;199;142;265;8643;1056;4,1;3,0;5,1;2,4;1,5;3,4;365;286;450;280;200;400;96;78;116;196;139;263;9390;1176;4,1;3,0;5,1;2,4;1,6;3,4;370;293;450;300;200;400;96;77;116;197;139;265;10126;1293;4,2;3,1;5,3;2,4;1,6;3,5;381;300;458;300;207;400;96;77;116;194;139;263;10728;1419;4,5;3,4;5,6;2,6;1,7;3,7;400;311;500;300;222;425;96;77;115;193;139;265;11286;1535;4,5;3,4;5,8;2,6;1,8;3,8;400;320;500;300;235;450;96;77;116;193;141;267;11750;1653;4,7;3,5;6,0;2,6;1,8;3,8;425;330;507;304;249;450;96;77;116;188;137;263;12162;1686;4,9;3,6;6,3;2,7;1,8;4,0;450;350;547;322;250;451;96;77;115;188;136;263;12697;1840;5,1;3,8;6,6;2,9;1,9;4,2;456;350;561;340;250;498;95;77;115;188;136;263
03;Alicante;24044;3595;4,5;3,2;6,0;4,0;2,3;5,8;385;292;487;400;292;575;88;69;108;129;86;203;25971;4050;4,4;3,1;5,9;3,9;2,3;5,8;369;279;459;400;285;553;88;68;108;130;87;201;28852;4658;4,2;3,0;5,7;4,0;2,4;5,7;350;270;450;400;286;550;88;69;108;130;87;202;33087;5529;4,2;3,0;5,6;4,1;2,4;5,6;350;270;450;400;291;550;88;68;108;127;86;200;38025;6561;4,2;3,0;5,6;4,1;2,5;5,7;350;274;450;400;293;567;89;69;109;128;85;201;42302;7282;4,3;3,1;5,7;4,3;2,6;5,9;354;290;450;400;300;600;89;69;109;128;85;202;46945;8071;4,4;3,2;5,9;4,4;2,7;6,0;370;300;452;410;300;600;89;69;109;127;84;202;50545;8797;4,5;3,3;6,1;4,5;2,8;6,2;383;300;480;425;300;600;89;68;109;127;84;201;54759;9669;4,9;3,6;6,6;4,9;3,0;6,6;400;320;502;450;330;645;89;69;109;125;83;199;58443;10512;5,0;3,7;6,7;4,9;3,1;6,8;412;330;525;450;343;650;89;69;109;125;83;198;62132;11137;5,2;3,8;6,9;5,2;3,2;7,1;430;350;550;475;350;667;89;69;109;124;82;197;66496;11707;5,5;4,0;7,3;5,4;3,3;7,4;450;350;573;500;351;696;88;69;108;122;82;195;72375;12313;5,8;4,2;7,8;5,6;3,5;7,9;479;380;600;500;375;717;88;69;108;120;80;193
04;Almería;7480;1164;4,8;3,6;6,0;3,5;2,3;4,7;375;299;457;359;254;497;83;67;101;132;96;182;7737;1257;4,5;3,4;5,7;3,4;2,2;4,5;350;280;450;350;250;477;83;67;101;134;99;183;8420;1459;4,3;3,2;5,4;3,2;2,1;4,3;347;260;417;348;250;444;84;68;102;136;100;188;9452;1745;4,2;3,1;5,2;3,0;2,0;4,1;330;250;400;330;234;421;84;68;102;138;102;190;10695;2011;4,1;3,1;5,2;3,1;2,0;4,1;322;250;400;325;245;430;84;68;102;137;102;191;11881;2263;4,2;3,2;5,3;3,1;2,2;4,1;330;260;400;344;250;450;84;68;102;138;102;191;13199;2521;4,3;3,3;5,4;3,2;2,2;4,3;338;268;402;350;250;450;84;68;102;138;101;194;14226;2713;4,4;3,4;5,6;3,2;2,2;4,3;350;280;425;350;250;450;83;67;101;137;101;193;15718;2933;4,7;3,7;6,0;3,4;2,4;4,6;360;300;450;350;275;475;83;67;101;136;100;191;16729;3214;4,9;3,8;6,2;3,5;2,4;4,7;378;300;470;357;283;487;83;67;101;136;99;190;17843;3372;5,1;3,9;6,4;3,6;2,4;4,8;400;308;497;380;300;500;82;67;101;135;99;189;18469;3501;5,3;4,1;6,8;3,6;2,5;5,0;400;326;500;398;300;500;82;67;101;136;100;191;19666;3680;5,6;4,3;7,1;3,8;2,6;5,3;425;350;545;400;300;529;82;67;100;136;98;190
05;Ávila;2972;548;4,3;3,1;5,4;2,8;1,8;4,2;347;250;417;301;203;450;85;68;101;148;105;208;2961;585;4,1;2,9;5,1;2,9;1,7;4,0;325;250;400;300;197;430;84;68;101;150;105;211;3052;635;3,8;2,8;4,9;2,8;1,7;3,9;300;233;390;300;200;420;85;68;101;150;106;202;3278;731;3,8;2,8;4,8;2,8;1,8;3,8;300;233;375;300;200;417;85;68;101;150;106;198;3483;814;3,7;2,8;4,6;2,7;1,7;3,7;300;225;363;300;200;400;86;68;101;152;109;204;3688;896;3,8;2,9;4,7;2,9;1,8;3,8;300;240;370;300;205;425;85;68;101;153;113;207;4038;958;3,8;2,9;4,7;2,8;1,9;3,8;300;248;375;300;210;420;86;68;101;152;108;205;4434;1010;3,9;3,0;4,9;3,0;2,0;3,9;310;250;395;302;225;439;86;68;101;151;108;206;4882;1107;4,2;3,3;5,3;3,1;2,1;4,2;348;266;413;320;244;450;86;69;102;152;108;207;5094;1213;4,3;3,4;5,5;3,2;2,2;4,3;350;276;429;330;244;460;86;69;102;151;108;205;5385;1294;4,5;3,4;5,7;3,3;2,2;4,4;360;286;450;348;250;470;86;69;102;150;105;200;5667;1312;4,7;3,6;6,0;3,4;2,4;4,6;378;300;458;350;250;490;86;68;101;147;104;199;6107;1380;5,0;3,8;6,3;3,6;2,5;4,9;400;300;494;360;260;500;85;68;101;144;103;196
06;Badajoz;6667;1193;4,1;3,0;5,3;2,3;1,4;3,3;350;268;431;270;199;393;90;72;108;169;124;250;6906;1252;4,1;3,0;5,2;2,3;1,4;3,3;350;260;429;266;200;373;90;73;109;168;122;247;7075;1361;4,0;2,9;5,1;2,3;1,4;3,2;348;253;420;260;188;378;91;74;110;168;120;246;7712;1509;3,9;2,9;5,0;2,3;1,4;3,2;338;250;406;273;198;375;91;74;110;165;122;241;8721;1849;3,9;2,9;4,9;2,3;1,4;3,2;333;250;400;267;200;353;91;73;109;166;120;242;9520;1946;3,9;3,0;5,0;2,4;1,5;3,3;346;268;401;280;200;370;91;74;110;163;120;236;10360;2111;4,0;3,0;5,1;2,4;1,6;3,3;350;270;409;279;200;375;90;74;109;161;120;235;11057;2258;4,1;3,1;5,2;2,5;1,6;3,3;350;275;419;280;200;375;90;74;109;160;119;229;12130;2486;4,3;3,3;5,4;2,6;1,8;3,5;361;300;450;300;220;398;90;74;109;158;119;230;12702;2689;4,4;3,4;5,6;2,7;1,9;3,6;375;300;450;300;229;400;91;74;110;156;119;228;13411;2787;4,5;3,5;5,7;2,7;1,9;3,7;380;300;452;300;231;400;91;74;109;159;120;228;14123;2911;4,7;3,6;5,9;2,8;1,9;3,7;400;320;479;300;240;400;91;74;109;156;118;227;15065;3096;4,9;3,7;6,2;2,8;2,0;3,8;400;334;500;300;250;407;91;73;109;156;118;228
07;Balears, Illes;32654;8336;6,1;4,2;8,1;3,9;2,3;6,0;500;353;600;456;311;646;84;63;106;162;104;252;34890;9194;6,0;4,2;8,0;3,9;2,3;6,0;492;352;600;458;307;650;84;63;106;163;105;255;37732;10175;5,9;4,2;7,9;4,0;2,4;6,0;477;350;600;470;325;660;84;63;106;165;107;255;41681;11308;5,9;4,3;8,0;4,1;2,5;6,2;480;360;600;490;334;700;84;63;106;165;108;255;46251;12589;6,1;4,4;8,1;4,2;2,6;6,4;500;375;600;500;350;700;84;64;107;166;108;258;50453;13779;6,3;4,6;8,4;4,3;2,7;6,7;500;400;620;500;350;750;84;64;106;166;108;256;54000;14838;6,5;4,8;8,9;4,5;2,8;7,0;507;400;650;510;375;793;84;64;106;165;108;256;56554;15572;7,0;5,1;9,6;4,8;2,9;7,4;550;425;700;550;400;825;84;64;106;165;108;258;58645;16327;7,7;5,6;10,6;5,2;3,2;8,1;600;470;782;600;400;898;84;64;106;166;108;258;59515;16933;7,8;5,7;10,6;5,3;3,2;8,1;605;480;792;600;415;900;84;64;106;166;108;259;61029;17794;8,1;6,0;10,9;5,6;3,4;8,6;644;500;800;634;450;950;84;64;106;168;108;262;63177;18533;8,6;6,3;11,5;5,9;3,6;9,2;671;520;850;675;465;1000;84;64;106;167;108;262;66013;19257;9,1;6,7;12,2;6,3;3,8;9,7;700;550;900;700;500;1083;84;64;106;168;108;262
08;Barcelona;189901;19855;8,3;5,7;11,0;4,5;2,3;7,1;597;427;750;564;350;830;72;58;90;177;118;256;202706;21777;8,1;5,6;10,7;4,4;2,4;6,9;570;415;725;556;351;817;72;58;90;178;119;255;217391;23847;7,7;5,3;10,1;4,4;2,5;6,7;546;400;700;550;359;800;72;58;90;178;119;253;235236;26261;7,5;5,3;9,9;4,6;2,6;6,7;526;400;678;555;375;800;72;58;90;178;119;252;256904;28794;7,6;5,4;9,9;4,7;2,7;6,8;529;400;677;576;395;811;73;59;90;180;120;252;276829;30618;7,8;5,6;10,1;4,9;2,9;7,0;550;413;700;600;400;850;72;58;90;179;120;251;293709;32260;8,0;5,8;10,5;5,0;3,0;7,2;551;430;711;600;410;857;72;58;90;178;119;251;308953;33416;8,5;6,1;11,2;5,2;3,1;7,5;596;450;753;615;421;900;72;58;90;177;118;250;317110;33848;9,2;6,7;12,2;5,6;3,3;8,1;646;500;819;650;450;950;72;59;90;177;117;250;324511;34756;9,5;6,9;12,5;5,7;3,4;8,3;654;504;845;667;450;973;72;59;90;177;117;252;333867;35007;9,8;7,2;12,6;5,9;3,4;8,5;675;529;850;692;468;1000;72;59;90;177;116;251;339602;34687;10,1;7,5;13,0;6,1;3,6;8,9;700;550;872;700;497;1014;72;59;90;176;116;251;353110;35007;10,6;7,8;13,6;6,4;3,8;9,3;729;580;904;739;500;1076;72;59;90;175;115;250
09;Burgos;7499;519;5,6;4,2;6,9;3,3;1,8;4,7;430;315;514;395;250;503;79;64;98;158;109;214;7937;578;5,5;4,1;6,8;3,3;1,8;4,6;417;302;500;375;250;515;79;64;98;162;116;215;8364;641;5,2;3,9;6,5;3,0;1,8;4,5;400;300;497;360;246;500;79;64;99;164;116;219;9047;715;5,1;3,9;6,3;3,2;2,0;4,4;400;300;480;370;250;500;79;64;99;163;114;217;9807;813;5,1;4,0;6,3;3,1;1,9;4,4;400;300;474;380;250;500;79;64;99;163;116;212;10656;880;5,2;4,1;6,3;3,2;2,1;4,3;400;305;475;389;260;500;79;64;99;163;118;217;11265;939;5,2;4,2;6,4;3,2;2,1;4,4;400;320;480;400;275;500;79;64;99;163;119;217;11972;1010;5,4;4,3;6,6;3,2;2,1;4,4;403;332;500;400;270;500;79;64;98;160;117;218;12849;1062;5,7;4,6;7,0;3,4;2,3;4,6;435;351;504;400;300;501;79;65;98;159;114;214;13323;1158;5,8;4,7;7,1;3,5;2,4;4,6;450;365;522;404;300;521;79;64;97;156;114;210;13859;1173;6,0;4,8;7,3;3,6;2,5;4,8;450;378;540;429;300;548;79;65;98;156;114;210;14350;1204;6,2;5,0;7,5;3,7;2,6;5,0;466;397;550;443;320;550;79;65;97;155;111;209;15252;1216;6,4;5,2;7,9;3,8;2,6;5,1;490;400;568;450;325;574;78;64;96;156;112;207
10;Cáceres;5092;912;3,8;2,7;4,9;2,2;1,3;3,5;347;250;421;254;175;400;93;74;114;170;114;228;5121;948;3,8;2,8;4,9;2,2;1,3;3,5;348;250;420;260;179;400;94;74;114;170;118;228;5252;1020;3,7;2,7;4,6;2,3;1,3;3,3;328;248;412;253;175;387;94;75;114;173;122;230;5651;1113;3,6;2,7;4,5;2,3;1,4;3,3;320;248;400;265;180;400;94;75;115;171;121;229;6385;1287;3,5;2,6;4,5;2,3;1,4;3,3;309;241;400;267;180;400;95;75;115;168;122;226;6899;1423;3,6;2,7;4,5;2,4;1,5;3,4;320;250;400;288;198;400;95;75;115;172;122;226;7443;1566;3,7;2,8;4,6;2,5;1,5;3,5;326;250;400;290;200;400;94;75;115;167;122;224;7881;1646;3,7;2,9;4,7;2,5;1,6;3,6;335;260;403;296;200;404;94;75;115;167;123;224;8593;1832;3,9;3,1;4,9;2,7;1,8;3,7;350;288;430;300;208;425;94;75;114;166;122;224;8917;1978;4,0;3,2;5,1;2,7;1,8;3,7;352;299;448;300;210;430;94;75;114;165;122;224;9310;2048;4,1;3,3;5,2;2,8;1,8;3,9;367;300;450;300;221;450;94;75;114;165;120;224;9695;2115;4,3;3,4;5,4;2,9;1,9;4,0;380;300;458;311;225;455;94;75;114;164;119;224;10401;2214;4,5;3,5;5,7;3,0;1,9;4,1;400;317;492;320;240;470;93;75;113;161;116;220
11;Cádiz;11726;3265;5,5;3,9;7,3;4,5;2,5;6,3;413;304;526;490;318;700;78;62;96;134;98;204;12496;3612;5,4;3,9;7,3;4,4;2,5;6,3;410;301;523;485;320;740;78;63;96;138;101;209;13329;4015;5,3;3,8;7,0;4,4;2,6;6,1;400;300;503;455;304;700;79;63;97;135;99;206;14693;4657;5,2;3,8;6,9;4,5;2,8;6,3;400;300;500;475;325;750;79;63;97;137;101;208;16693;5538;5,1;3,8;6,8;4,5;2,9;6,3;400;300;500;475;325;800;79;63;97;137;101;207;18328;6073;5,2;4,0;6,9;4,7;3,1;6,8;400;306;500;500;350;860;79;64;97;137;102;209;20036;6506;5,3;4,1;7,0;4,8;3,1;6,9;400;315;500;500;350;875;79;63;97;137;101;206;21235;6785;5,4;4,2;7,1;4,9;3,2;7,1;400;325;517;500;350;850;79;63;97;135;100;204;22498;7083;5,8;4,6;7,6;5,2;3,6;7,6;447;350;550;546;384;910;79;64;97;134;99;203;23545;7323;6,0;4,7;7,8;5,3;3,6;7,7;450;360;562;550;395;934;79;64;97;133;98;201;24608;7521;6,2;4,8;8,1;5,4;3,7;7,9;452;375;589;550;400;935;79;64;96;132;98;201;25265;7589;6,5;5,0;8,4;5,7;3,8;8,3;482;400;600;563;400;995;79;64;96;130;97;199;26536;7766;6,8;5,2;8,8;5,8;3,9;8,6;500;400;635;598;400;1000;78;64;96;129;97;198
12;Castellón/Castelló;11769;1798;3,8;2,9;5,0;2,9;1,8;4,5;340;250;406;300;200;425;90;72;110;149;105;207;12451;1929;3,7;2,8;4,8;2,9;1,8;4,4;321;250;400;300;200;417;91;72;110;151;106;208;13298;2147;3,5;2,6;4,5;2,8;1,7;4,1;300;240;380;300;200;400;91;73;110;151;106;206;14599;2420;3,4;2,6;4,4;2,8;1,8;4,1;300;230;360;300;200;400;92;73;111;154;109;206;15964;2683;3,4;2,5;4,4;2,9;1,8;4,1;300;229;356;300;200;415;91;73;111;154;109;208;17456;2953;3,4;2,6;4,4;2,9;1,9;4,2;300;241;360;300;207;425;92;73;111;154;110;206;19092;3225;3,5;2,7;4,5;3,0;2,0;4,3;300;250;375;316;220;447;92;73;111;152;110;207;20645;3422;3,6;2,8;4,7;3,0;2,0;4,4;305;250;397;322;225;450;91;72;110;153;110;206;22549;3714;3,9;3,0;5,2;3,3;2,2;4,6;348;275;412;350;250;473;91;72;110;152;110;206;23941;4001;4,1;3,1;5,4;3,3;2,2;4,7;350;290;432;350;250;497;91;72;110;153;110;207;25364;4199;4,3;3,3;5,6;3,4;2,3;4,8;360;300;450;363;258;500;91;72;110;152;110;208;26544;4394;4,5;3,4;5,9;3,5;2,3;5,0;386;300;475;375;270;500;91;72;110;153;110;209;28467;4608;4,8;3,6;6,3;3,7;2,5;5,4;400;325;500;400;294;527;90;72;109;152;108;207
13;Ciudad Real;5209;967;4,5;3,3;5,9;2,4;1,4;3,7;350;271;432;300;213;406;83;65;102;165;123;238;5318;1021;4,4;3,2;5,6;2,4;1,5;3,6;345;262;420;300;205;401;83;65;102;169;122;235;5492;1104;4,1;3,0;5,3;2,3;1,5;3,4;322;250;400;300;200;400;83;65;103;173;125;234;5755;1173;4,0;3,0;5,1;2,4;1,4;3,3;300;250;391;300;200;400;83;66;103;171;127;234;6304;1355;3,9;2,9;5,0;2,3;1,4;3,3;300;241;372;300;200;400;83;66;103;171;126;236;6895;1501;3,9;3,0;4,9;2,4;1,5;3,3;300;250;370;300;200;400;84;66;103;170;126;233;7612;1694;4,0;3,0;5,0;2,4;1,5;3,3;300;250;374;300;200;400;84;66;103;170;128;234;8197;1834;4,0;3,1;5,0;2,4;1,6;3,4;301;250;375;300;223;400;84;67;103;170;128;234;9071;2012;4,3;3,3;5,3;2,6;1,7;3,5;330;278;400;300;229;400;84;67;103;168;128;233;9810;2179;4,4;3,4;5,4;2,6;1,8;3,6;340;282;400;300;240;420;84;67;103;167;128;232;10331;2313;4,5;3,5;5,6;2,7;1,8;3,7;350;300;405;320;250;425;84;68;103;167;128;236;10834;2420;4,6;3,6;5,8;2,7;1,8;3,7;351;300;425;321;250;425;84;67;103;166;126;237;11728;2531;4,8;3,8;6,1;2,7;1,9;3,8;371;302;450;339;250;450;84;67;103;167;125;236
14;Córdoba;8463;785;5,2;3,6;6,8;2,9;1,8;4,6;400;292;518;352;249;542;82;64;101;151;110;249;8662;851;5,2;3,6;6,8;2,8;1,7;4,3;400;290;510;350;243;500;81;64;100;158;110;250;8757;892;5,0;3,3;6,5;2,7;1,7;4,3;396;270;500;350;240;500;82;65;101;156;109;254;9415;980;4,9;3,4;6,4;2,6;1,6;4,1;386;275;500;330;225;500;82;64;101;158;113;243;10280;1175;4,9;3,4;6,3;2,7;1,8;4,1;380;279;497;334;244;500;82;65;101;156;113;238;11169;1329;5,0;3,5;6,4;2,8;1,8;4,2;391;290;500;350;250;510;82;65;101;157;116;239;11989;1483;5,1;3,6;6,5;2,8;1,8;4,2;400;298;500;350;250;514;82;65;101;157;114;238;12891;1642;5,1;3,6;6,6;2,9;1,9;4,3;400;300;500;350;250;500;82;65;101;155;114;236;13485;1771;5,6;4,0;7,1;3,1;2,1;4,5;425;323;550;353;270;521;82;65;101;153;112;230;14349;1904;5,6;4,0;7,2;3,1;2,1;4,5;429;328;550;351;275;518;83;65;102;151;110;226;15058;2043;5,7;4,1;7,3;3,1;2,1;4,7;447;340;550;357;270;525;83;65;101;151;110;227;15498;2167;5,9;4,3;7,5;3,2;2,2;4,7;450;350;573;378;282;550;82;65;101;148;110;221;16482;2264;6,1;4,5;7,8;3,3;2,3;4,8;462;360;597;380;295;550;82;65;101;146;108;216
15;Coruña, A;36073;2751;4,7;3,3;6,1;2,4;1,4;3,9;360;280;450;302;200;462;84;68;103;199;122;285;37159;2992;4,7;3,3;6,1;2,5;1,5;3,9;360;280;450;310;207;483;84;68;104;200;124;284;38539;3230;4,5;3,3;5,9;2,5;1,5;3,9;350;275;444;310;205;480;84;68;104;199;124;280;40310;3511;4,5;3,3;5,8;2,6;1,5;3,9;350;275;437;307;206;496;85;68;104;200;127;283;42876;3854;4,5;3,3;5,8;2,6;1,6;4,0;350;275;430;315;215;500;85;68;104;201;127;281;45371;4131;4,5;3,4;5,8;2,7;1,6;4,1;350;280;431;330;230;500;85;68;104;202;129;281;48421;4453;4,6;3,4;5,9;2,8;1,7;4,1;350;284;441;350;249;500;84;68;104;203;128;284;51143;4778;4,7;3,5;6,0;2,8;1,7;4,2;353;292;450;348;244;500;84;68;104;198;127;280;54671;5137;4,9;3,7;6,4;3,0;1,8;4,4;378;300;465;350;250;530;84;68;103;198;127;280;57039;5459;5,0;3,8;6,6;3,1;1,8;4,5;387;302;480;350;250;550;84;68;103;200;127;281;59021;5697;5,2;3,9;6,8;3,1;1,9;4,6;400;320;500;360;250;550;84;68;103;200;127;281;60611;5842;5,4;4,0;7,1;3,2;1,9;4,8;401;330;509;392;271;578;84;68;103;199;127;283;63507;6063;5,7;4,2;7,5;3,3;2,0;5,1;430;350;550;400;288;600;84;68;103;198;126;282
16;Cuenca;2242;529;4,8;3,5;5,9;2,7;1,6;4,1;417;300;501;300;219;400;100;80;124;159;102;246;2220;546;4,5;3,3;5,6;2,4;1,5;3,7;400;300;500;280;200;368;100;80;125;159;105;241;2284;589;4,2;3,0;5,2;2,3;1,4;3,4;371;277;456;268;200;350;101;81;125;160;106;239;2433;652;4,0;2,9;5,0;2,3;1,4;3,3;350;270;448;254;200;348;102;82;126;162;110;249;2632;732;3,9;2,9;4,7;2,3;1,5;3,3;350;267;421;268;200;350;102;81;125;165;114;250;2792;777;3,9;3,0;4,7;2,3;1,5;3,4;350;280;420;270;200;350;102;81;126;161;111;249;3020;866;3,9;3,0;4,8;2,4;1,6;3,3;350;280;420;270;200;350;102;81;125;162;114;258;3279;905;4,0;3,1;4,9;2,4;1,6;3,3;350;292;425;271;200;350;102;81;126;162;117;256;3614;1039;4,2;3,3;5,1;2,5;1,8;3,6;377;300;450;300;230;380;102;82;125;162;115;256;3868;1170;4,3;3,4;5,3;2,5;1,8;3,6;390;305;450;300;240;398;102;81;125;165;119;251;4039;1276;4,5;3,6;5,5;2,6;1,9;3,7;400;330;475;300;250;400;102;81;125;166;120;258;4162;1352;4,7;3,7;5,8;2,7;1,9;3,9;410;350;500;300;250;405;101;81;125;166;120;250;4364;1483;5,0;3,9;6,2;2,8;2,0;4,2;447;350;525;317;250;437;101;80;124;163;118;243
17;Girona;21887;6629;5,8;4,2;7,5;3,4;1,8;5,2;450;338;550;450;300;613;78;62;97;182;122;287;23076;7097;5,6;4,0;7,3;3,4;1,9;5,2;430;326;528;450;300;611;79;62;97;180;122;280;24687;7799;5,4;3,9;6,9;3,5;1,9;5,1;406;315;500;450;300;600;79;62;98;179;123;275;26703;8599;5,3;4,0;6,8;3,5;2,0;5,1;400;317;500;450;310;600;79;62;98;180;122;272;29018;9460;5,3;4,0;6,8;3,6;2,1;5,2;400;325;500;457;325;610;79;63;98;178;122;270;31274;10130;5,4;4,1;6,8;3,8;2,2;5,3;401;333;500;475;349;630;79;63;98;177;122;266;33450;10628;5,6;4,2;7,0;3,9;2,3;5,4;419;349;500;500;350;650;79;62;97;178;122;266;35361;10997;5,7;4,4;7,3;4,0;2,3;5,5;436;350;525;500;353;650;79;62;97;177;121;265;37427;11462;6,2;4,8;7,9;4,3;2,4;5,8;454;380;559;500;373;675;79;62;97;177;120;264;39010;11882;6,3;4,9;8,1;4,3;2,5;6,0;475;399;580;518;383;700;78;62;97;176;120;265;40531;12305;6,5;5,1;8,3;4,5;2,7;6,3;498;400;600;550;400;704;78;62;97;175;120;262;40253;12463;6,8;5,3;8,7;4,7;2,8;6,5;500;415;618;552;400;743;78;62;96;175;120;263;43082;12600;7,1;5,5;9,1;4,8;2,9;6,7;530;436;650;586;425;752;78;62;96;174;120;261
18;Granada;15196;2225;4,6;3,4;6,1;3,4;2,2;4,6;389;296;500;400;297;530;87;69;108;165;120;215;15772;2474;4,5;3,3;5,9;3,3;2,1;4,4;375;290;490;400;275;520;87;69;109;168;122;217;16628;2644;4,3;3,2;5,6;3,3;2,1;4,3;355;275;470;390;273;500;87;70;109;170;124;217;18110;3032;4,3;3,2;5,5;3,3;2,1;4,3;350;270;455;380;270;500;87;70;109;170;125;217;20189;3531;4,2;3,2;5,4;3,2;2,1;4,2;350;267;450;380;270;500;87;69;109;173;128;220;21842;3871;4,4;3,4;5,6;3,3;2,2;4,3;350;280;457;390;286;500;87;69;108;171;126;217;23978;4293;4,4;3,4;5,7;3,4;2,3;4,4;355;288;464;400;300;503;86;69;107;172;126;217;25379;4581;4,6;3,5;5,9;3,4;2,3;4,5;370;300;488;400;299;525;86;69;107;172;126;217;27401;4927;5,0;3,9;6,4;3,6;2,4;4,8;400;315;507;408;300;550;86;68;106;172;126;217;28428;5226;5,1;3,9;6,5;3,7;2,5;4,9;400;321;520;420;300;572;85;68;106;172;126;217;29624;5448;5,3;4,1;6,8;3,8;2,6;5,1;420;340;550;446;313;600;85;68;105;172;125;217;30647;5613;5,6;4,3;7,1;3,9;2,6;5,3;444;350;560;450;324;600;85;68;105;171;124;216;32674;5883;5,9;4,5;7,5;4,0;2,7;5,6;459;370;600;463;350;646;85;68;105;169;122;215
19;Guadalajara;5012;1302;5,9;4,6;7,3;4,0;2,6;5,1;470;372;550;476;300;650;83;67;100;164;125;217;5235;1431;5,6;4,3;6,9;3,8;2,5;5,0;448;350;510;450;300;628;83;68;100;165;126;216;5583;1654;5,2;4,0;6,3;3,6;2,3;4,7;400;320;490;450;300;600;84;69;101;168;131;219;6110;1825;4,9;3,9;6,1;3,6;2,4;4,6;400;300;458;438;300;600;84;69;101;169;131;220;6732;2100;4,9;3,9;5,9;3,6;2,5;4,5;390;300;450;446;300;600;84;68;101;168;131;220;7434;2295;4,9;4,0;5,9;3,6;2,6;4,6;400;315;450;450;300;600;84;69;101;168;130;218;8226;2483;5,0;4,1;6,1;3,8;2,7;4,7;400;325;450;450;320;600;84;68;101;167;131;216;9025;2745;5,2;4,2;6,3;3,8;2,8;4,9;400;334;486;470;325;613;84;68;101;164;127;214;10046;3059;5,6;4,6;6,9;4,2;3,1;5,3;450;365;515;500;353;665;84;69;101;162;126;214;10584;3201;5,9;4,8;7,2;4,3;3,1;5,5;452;385;550;509;367;691;84;69;102;162;126;215;11093;3267;6,1;4,9;7,6;4,5;3,2;5,8;482;400;560;550;380;700;84;69;102;162;125;216;11617;3244;6,4;5,1;7,9;4,6;3,3;5,9;500;407;597;550;390;724;84;69;101;160;123;213;12185;3312;6,7;5,4;8,3;4,8;3,4;6,2;525;438;610;575;400;753;84;69;101;159;122;214
21;Huelva;2955;921;4,9;3,6;6,4;3,4;2,2;4,8;400;300;485;354;250;473;82;67;100;117;93;168;3069;944;4,8;3,5;6,2;3,3;2,1;4,6;387;300;458;350;250;455;83;67;100;118;95;160;3178;1058;4,5;3,4;5,8;3,2;2,0;4,4;368;292;450;338;230;430;84;67;100;119;95;168;3550;1211;4,4;3,4;5,7;3,2;2,0;4,3;355;291;450;325;233;427;84;68;101;119;96;170;3991;1422;4,4;3,3;5,7;3,2;2,1;4,3;350;283;436;333;250;450;84;67;101;119;95;171;4427;1549;4,5;3,5;5,8;3,3;2,3;4,4;351;300;448;350;250;450;83;67;100;120;96;165;5009;1717;4,5;3,5;5,9;3,4;2,4;4,5;355;300;448;350;264;450;83;67;100;120;95;173;5357;1901;4,7;3,6;6,1;3,4;2,4;4,5;372;300;450;350;275;450;82;67;100;118;95;163;6026;2128;5,0;4,0;6,5;3,6;2,6;4,8;400;330;482;359;300;462;83;67;100;118;94;163;6420;2335;5,2;4,1;6,7;3,7;2,7;4,8;400;348;497;365;300;497;83;66;100;120;95;165;6808;2421;5,3;4,2;6,9;3,8;2,8;4,9;410;350;500;375;300;500;82;66;100;119;95;165;7168;2507;5,6;4,3;7,2;3,9;2,8;5,2;433;355;522;392;300;500;82;66;99;119;95;164;7709;2650;5,9;4,5;7,6;3,9;2,8;5,3;450;378;550;400;300;510;82;66;99;120;95;165
22;Huesca;6462;624;4,6;3,3;6,2;2,6;1,5;4,0;369;280;450;300;206;448;81;63;104;191;132;315;6620;657;4,4;3,2;5,9;2,5;1,5;3,9;355;267;438;300;205;429;82;64;105;183;132;300;6736;699;4,3;3,1;5,6;2,6;1,5;3,9;350;260;413;300;200;438;81;64;104;186;132;292;7064;771;4,3;3,1;5,5;2,6;1,6;3,8;343;263;400;300;210;400;81;64;104;190;133;282;7653;839;4,2;3,2;5,5;2,6;1,6;3,9;340;268;400;300;200;400;81;64;104;187;133;272;8076;918;4,3;3,3;5,5;2,6;1,6;3,8;350;275;400;300;210;425;81;64;103;184;129;266;8622;1005;4,4;3,3;5,6;2,7;1,7;4,0;350;280;408;300;225;420;81;64;103;185;130;269;9291;1132;4,5;3,4;5,8;2,8;1,8;4,1;350;292;423;317;245;450;81;64;103;186;134;271;10006;1225;4,9;3,7;6,1;3,0;1,9;4,2;378;304;450;346;250;456;81;64;103;184;134;268;10545;1358;5,0;3,8;6,3;3,1;2,0;4,4;400;320;460;350;252;470;81;64;103;182;131;269;11017;1426;5,2;4,0;6,6;3,2;2,1;4,5;400;333;480;350;270;476;81;64;103;179;128;266;11392;1464;5,4;4,2;6,9;3,3;2,2;4,7;420;350;500;359;276;497;81;64;103;182;128;265;11914;1524;5,6;4,3;7,2;3,4;2,2;4,8;442;356;520;379;300;500;80;64;103;182;128;265
23;Jaén;5578;625;3,8;2,6;5,2;2,2;1,3;3,5;350;250;435;298;200;416;96;74;116;178;118;256;5742;626;3,7;2,6;5,1;2,2;1,3;3,5;340;250;430;300;200;450;96;74;116;180;120;256;5800;666;3,6;2,5;4,9;2,3;1,3;3,4;329;250;411;300;200;449;96;75;116;178;118;256;6221;743;3,6;2,6;4,8;2,2;1,4;3,4;326;250;401;300;201;435;97;76;117;175;122;256;6905;858;3,5;2,5;4,8;2,3;1,4;3,4;320;250;400;300;208;449;96;75;116;175;124;256;7358;964;3,6;2,6;4,8;2,3;1,4;3,4;325;250;400;300;202;421;96;75;116;173;121;255;7958;1078;3,7;2,7;4,9;2,4;1,5;3,4;330;258;400;300;210;447;96;75;116;168;118;244;8510;1149;3,7;2,7;5,0;2,5;1,5;3,5;339;267;406;300;215;440;96;75;116;168;119;250;9124;1241;3,9;2,9;5,2;2,6;1,7;3,6;350;298;441;320;244;450;96;76;116;165;119;247;9582;1324;4,0;3,0;5,3;2,6;1,7;3,7;351;300;448;325;249;464;96;76;116;167;120;248;9969;1397;4,1;3,1;5,4;2,7;1,7;3,8;360;300;450;325;250;485;96;75;116;166;118;246;10499;1483;4,2;3,1;5,6;2,8;1,8;3,9;375;300;456;330;250;499;96;76;116;164;113;240;11201;1570;4,3;3,3;5,8;2,8;1,8;3,9;390;311;476;330;250;483;96;75;116;160;113;236
24;León;11824;1104;4,0;2,8;5,4;2,4;1,3;3,8;350;250;438;281;185;439;89;72;110;188;127;274;12080;1191;4,0;2,9;5,4;2,4;1,4;3,7;350;250;439;296;188;421;89;72;110;192;128;278;12449;1242;4,0;2,8;5,3;2,4;1,4;3,7;340;250;425;298;194;417;89;72;110;190;126;271;13076;1367;4,0;2,8;5,2;2,4;1,4;3,7;339;250;418;299;189;428;89;73;111;192;130;265;13969;1471;4,0;2,9;5,2;2,5;1,4;3,7;339;253;415;300;200;428;89;72;111;192;129;264;14766;1556;4,1;3,0;5,2;2,7;1,5;3,8;350;265;420;300;201;450;89;72;111;192;129;261;15570;1641;4,1;3,1;5,3;2,8;1,6;3,8;350;274;424;315;210;450;89;73;111;192;130;261;16311;1704;4,2;3,1;5,4;2,8;1,7;3,9;350;280;430;314;220;465;89;73;110;191;131;258;17483;1808;4,4;3,4;5,6;2,9;1,8;3,9;365;300;450;330;228;451;89;73;110;189;128;256;18117;1888;4,5;3,4;5,8;2,9;1,8;4,1;375;300;450;330;238;479;89;73;110;189;131;256;18617;2004;4,6;3,5;5,9;3,0;1,8;4,1;386;301;460;340;248;496;89;73;110;189;132;256;18972;2025;4,8;3,7;6,1;3,0;1,9;4,2;400;320;481;350;250;499;89;73;110;189;131;259;19810;2082;5,0;3,8;6,4;3,1;2,0;4,3;404;330;500;350;250;500;89;73;110;188;130;256
25;Lleida;11456;1306;4,6;3,2;6,1;2,8;1,6;4,2;377;290;458;367;266;518;85;67;107;226;150;338;11887;1397;4,4;3,1;5,9;2,9;1,6;4,0;360;278;450;350;255;500;86;67;107;225;150;326;12507;1472;4,2;3,0;5,6;2,9;1,6;4,0;350;268;440;356;252;500;86;67;108;223;155;315;13341;1588;4,2;3,1;5,5;2,8;1,6;4,0;350;270;425;350;253;500;86;67;108;220;152;306;14449;1721;4,2;3,0;5,4;2,9;1,7;3,9;350;267;420;360;255;500;86;67;108;217;153;298;15580;1877;4,2;3,1;5,5;2,9;1,8;3,9;350;275;420;360;258;500;86;67;107;217;151;298;16917;2013;4,3;3,2;5,6;2,9;1,8;4,0;350;280;425;368;263;500;86;67;107;219;151;306;18041;2124;4,4;3,3;5,7;3,0;1,7;4,1;350;292;440;368;261;500;86;67;107;219;151;306;19421;2263;4,7;3,5;6,0;3,1;2,0;4,3;376;300;450;400;297;514;85;67;107;217;148;304;20155;2468;4,8;3,6;6,2;3,2;2,0;4,4;390;312;469;400;300;530;85;67;106;216;147;301;20979;2619;5,0;3,8;6,4;3,3;2,1;4,5;400;325;493;400;300;550;85;67;106;216;145;301;21878;2648;5,2;3,9;6,7;3,4;2,2;4,7;409;348;500;405;300;550;85;67;106;214;145;300;22903;2741;5,5;4,1;7,0;3,4;2,2;4,8;433;350;533;422;304;566;85;67;106;214;145;301
26;Rioja, La;7749;333;4,9;3,7;6,1;2,9;1,8;4,3;400;309;499;330;220;503;87;73;103;231;142;305;7957;338;4,7;3,5;5,9;2,9;2,0;4,2;392;300;466;350;209;533;87;73;104;227;150;312;8092;351;4,4;3,4;5,5;2,9;1,8;4,2;367;290;450;317;216;500;88;74;104;233;150;316;8752;395;4,3;3,3;5,3;3,0;1,7;4,0;350;284;440;312;203;500;87;74;104;235;157;316;9421;441;4,3;3,3;5,3;2,8;1,8;4,1;350;284;435;320;200;500;88;74;105;229;150;300;10209;499;4,4;3,4;5,4;2,8;1,8;3,9;359;300;447;312;200;500;88;74;105;228;154;299;10934;534;4,5;3,5;5,5;3,0;1,9;4,2;368;300;450;350;228;500;87;74;105;229;147;298;11656;585;4,5;3,6;5,6;3,0;1,9;4,2;375;300;450;350;249;500;87;74;105;226;142;305;12675;609;4,9;3,9;6,1;3,1;2,0;4,4;400;322;480;350;250;500;87;73;104;219;142;287;13633;653;5,0;3,9;6,3;3,1;2,1;4,4;403;334;500;350;250;500;87;73;104;211;142;286;14173;689;5,2;4,0;6,5;3,2;2,1;4,5;423;350;500;351;260;505;87;73;104;210;142;287;14769;696;5,4;4,2;6,8;3,2;2,1;4,5;450;350;531;362;267;500;87;73;104;215;146;289;15524;742;5,6;4,4;7,1;3,2;2,2;4,7;453;371;550;375;275;502;86;73;104;210;139;284
27;Lugo;6926;597;3,2;2,2;4,5;2,0;1,2;3,1;300;230;368;226;150;329;100;78;120;186;121;270;7078;650;3,2;2,2;4,5;2,0;1,2;3,0;300;230;365;227;160;318;100;78;120;189;122;276;7127;693;3,2;2,2;4,3;1,9;1,2;2,9;300;228;350;230;155;325;99;78;120;187;122;271;7436;736;3,1;2,2;4,3;2,0;1,2;2,9;300;225;350;244;152;333;99;77;120;188;126;276;7981;842;3,1;2,3;4,3;2,0;1,2;3,0;300;230;350;246;150;330;99;78;119;188;126;272;8399;943;3,2;2,3;4,4;2,1;1,3;3,2;300;240;350;250;170;350;99;77;119;185;126;272;8884;1014;3,3;2,4;4,4;2,1;1,3;3,2;300;248;350;250;175;350;98;77;119;188;130;279;9506;1127;3,3;2,4;4,5;2,0;1,3;3,2;300;250;352;250;170;350;98;77;119;194;131;282;10277;1214;3,6;2,6;4,7;2,2;1,4;3,3;305;257;375;276;200;357;98;77;118;193;130;276;10715;1359;3,6;2,7;4,8;2,2;1,4;3,3;320;264;381;275;200;367;98;77;118;194;130;275;11116;1450;3,7;2,7;5,0;2,3;1,4;3,5;325;270;400;298;200;400;98;77;118;190;127;270;11547;1478;3,8;2,8;5,2;2,4;1,5;3,6;342;280;400;300;200;400;98;77;118;190;127;271;12263;1561;4,0;2,9;5,4;2,4;1,5;3,7;350;300;430;300;203;400;97;77;118;194;128;278
28;Madrid;213713;11729;9,6;7,2;12,5;5,8;3,9;8,1;650;500;813;726;467;1088;70;55;89;184;126;250;231479;13110;9,3;7,0;12,2;5,6;3,7;7,9;623;497;800;700;450;1025;70;55;89;185;127;250;250335;14599;8,7;6,5;11,6;5,3;3,6;7,5;600;450;760;675;448;1000;70;55;90;187;130;252;274768;16482;8,5;6,4;11,3;5,3;3,6;7,3;575;450;750;673;450;1000;70;55;90;188;132;253;301845;18420;8,5;6,5;11,3;5,2;3,7;7,3;570;450;750;675;450;1000;70;55;90;190;132;254;329025;20168;8,7;6,7;11,5;5,3;3,8;7,4;587;450;750;700;453;1000;70;55;90;190;133;254;357236;21511;8,9;6,8;11,9;5,5;3,9;7,6;600;473;783;700;475;1017;70;55;90;189;131;254;381969;22434;9,3;7,1;12,5;5,6;4,0;7,8;613;500;808;713;481;1067;70;55;90;188;129;253;398205;23136;10,2;7,8;13,6;6,1;4,3;8,5;678;546;890;764;500;1162;70;56;90;187;127;252;411059;23910;10,4;8,0;13,9;6,2;4,4;8,7;700;550;900;780;500;1200;70;56;90;186;126;251;426542;24310;10,7;8,2;14,0;6,5;4,5;9,1;700;573;900;800;525;1205;70;56;90;185;125;251;440770;24358;11,1;8,6;14,5;6,7;4,7;9,5;738;600;945;812;550;1269;70;56;90;183;123;250;460317;24630;11,5;9,0;15,1;7,1;4,9;10,0;759;618;987;850;558;1304;70;56;90;181;120;248
29;Málaga;23218;2877;6,1;4,6;7,7;4,7;2,6;6,6;470;355;596;500;333;700;83;64;106;144;97;214;24807;3247;5,9;4,5;7,5;4,6;2,7;6,5;450;350;575;500;338;700;84;64;106;145;99;215;27365;3741;5,7;4,3;7,1;4,5;2,8;6,2;446;342;550;500;337;700;84;64;107;145;101;216;31115;4482;5,6;4,3;7,1;4,5;2,8;6,2;433;345;550;500;345;700;84;64;107;147;102;216;35078;5187;5,6;4,3;7,1;4,6;2,9;6,3;431;347;550;500;350;700;84;64;108;147;102;215;38926;5728;5,8;4,6;7,3;4,7;3,0;6,5;450;350;550;500;350;725;84;64;107;146;102;214;42711;6384;6,0;4,7;7,6;4,9;3,2;6,7;450;362;580;510;363;750;84;64;107;145;102;211;45479;6854;6,3;4,9;8,1;5,2;3,3;7,1;485;386;600;550;384;783;83;64;106;145;101;210;48454;7383;7,0;5,4;9,0;5,5;3,5;7,7;526;420;675;591;400;840;83;64;106;144;101;210;50557;7898;7,2;5,6;9,3;5,6;3,5;7,8;550;433;700;600;400;850;83;64;106;144;100;211;53834;8363;7,5;5,8;9,5;5,8;3,6;8,1;554;450;700;600;400;869;83;64;106;142;99;210;56824;8823;7,9;6,2;10,1;6,0;3,7;8,6;600;475;750;620;430;903;83;64;106;142;99;211;60685;9354;8,4;6,5;10,9;6,3;3,9;9,2;630;500;800;650;450;975;83;64;106;141;99;210
30;Murcia;17363;3732;4,2;2,9;5,6;3,4;2,2;4,6;367;255;470;350;247;458;94;73;115;128;92;180;18149;4031;4,1;2,9;5,4;3,3;2,2;4,5;350;250;450;349;250;450;95;73;115;129;93;181;19852;4563;3,9;2,8;5,1;3,2;2,2;4,2;346;250;430;325;250;429;95;73;115;130;95;183;22298;5301;3,8;2,8;5,0;3,1;2,2;4,1;330;250;417;310;240;406;95;74;116;131;95;184;25333;6179;3,8;2,8;5,0;3,1;2,2;4,1;330;250;403;313;250;408;95;74;116;133;97;187;28253;6889;3,8;2,9;5,0;3,2;2,3;4,2;340;260;413;321;250;425;96;74;116;133;96;187;31209;7673;3,9;3,0;5,1;3,2;2,3;4,2;350;270;421;325;250;430;96;74;116;134;97;188;33457;8375;4,0;3,0;5,3;3,3;2,4;4,4;350;280;445;340;250;450;96;74;116;133;97;188;36632;9086;4,3;3,3;5,7;3,5;2,6;4,6;375;300;465;350;283;450;96;75;117;134;97;189;38722;9830;4,4;3,4;5,8;3,6;2,6;4,7;390;300;484;359;300;480;96;75;117;135;98;191;40892;10296;4,6;3,5;6,1;3,7;2,7;4,9;400;313;500;375;300;500;96;75;117;135;97;190;42413;10674;4,8;3,6;6,4;3,8;2,8;5,1;404;330;517;400;300;500;96;75;116;134;96;190;45591;11256;5,1;3,8;6,8;3,9;2,8;5,3;439;350;550;400;300;512;95;75;116;134;96;190
31;Navarra;;;;;;;;;;;;;;;;;;;;;;;;;;;;;;;;;;;;;;;;;;;;;;;;;;;;;;;;;;;;;;;;;;;;;;;;;;;;;;;;;;;;;;;;;;;;;;;;;;;;;;;;;;;;;;;;;;;;;;;;;;;;;;;;;;;;;;;;;;;;;;;;;;;;;;;;;;;;;;;;;;;;;;;;;;;;;;;;;;;;;;;;;;;;;;;;;;;;;;;;;20367;1347;5,9;4,3;7,4;3,5;2,6;4,8;500;375;625;410;310;625;88;75;102;126;106;155;22762;1463;6,2;4,6;7,8;3,7;2,7;5,1;545;400;650;450;326;650;88;75;102;125;104;155;23696;1582;6,6;4,9;8,4;3,7;2,6;5,2;573;425;700;439;317;663;88;75;102;127;105;159
32;Ourense;8059;454;3,6;2,6;4,8;2,7;1,7;3,9;302;237;390;275;192;370;92;74;108;142;87;234;8015;512;3,6;2,7;4,8;2,6;1,6;3,9;312;246;392;263;180;371;92;74;108;150;88;236;8241;568;3,6;2,6;4,7;2,7;1,6;3,8;305;245;385;260;184;360;92;74;108;153;96;240;8551;651;3,6;2,7;4,7;2,6;1,7;3,9;304;250;380;278;200;365;92;74;108;155;94;238;9130;694;3,6;2,7;4,8;2,7;1,7;3,8;304;250;379;275;200;371;92;74;108;161;99;239;9581;769;3,7;2,8;4,8;2,8;1,8;3,9;312;250;382;300;200;400;92;74;108;161;102;244;10134;853;3,7;2,8;4,9;2,8;1,9;3,9;320;253;390;300;208;400;92;74;108;160;100;241;10713;933;3,8;2,9;5,0;2,9;1,8;4,1;327;263;400;300;200;400;92;73;108;157;98;241;11313;1027;4,0;3,1;5,2;3,0;2,0;4,2;347;280;400;300;225;400;92;74;108;163;101;246;11748;1168;4,1;3,1;5,4;3,0;2,0;4,3;350;288;412;300;225;422;92;74;108;167;103;251;12071;1319;4,2;3,2;5,5;3,1;2,1;4,4;350;299;424;313;250;446;91;73;108;167;110;254;12354;1422;4,3;3,3;5,7;3,1;2,1;4,3;360;300;444;320;250;432;91;73;108;167;110;252;13078;1504;4,4;3,4;5,9;3,2;2,2;4,5;374;300;450;338;250;451;91;74;108;166;110;254
33;Asturias;32643;2083;5,4;3,9;7,1;2,9;1,7;4,7;400;300;480;300;181;450;76;60;91;139;90;215;33068;2195;5,4;3,9;7,0;3,0;1,7;4,6;400;300;480;300;195;465;76;61;91;142;92;212;33916;2431;5,3;3,8;6,8;3,1;1,8;4,7;383;295;460;309;200;496;76;61;91;143;92;215;35889;2807;5,2;3,9;6,7;3,2;1,8;4,8;380;300;451;318;200;500;76;61;92;144;93;216;39291;3160;5,2;3,9;6,6;3,2;1,8;4,8;375;298;450;313;200;497;76;61;91;146;93;219;41896;3346;5,3;4,1;6,7;3,3;2,0;4,8;380;300;450;333;225;500;76;61;91;146;92;219;44337;3615;5,3;4,1;6,8;3,4;2,1;4,9;385;300;451;350;230;515;76;61;91;146;92;216;46403;3674;5,4;4,2;6,9;3,5;2,1;5,1;398;302;465;350;243;515;76;61;91;145;92;216;48682;3792;5,7;4,5;7,2;3,7;2,2;5,3;400;338;496;350;250;545;76;61;91;144;92;217;49907;3977;5,8;4,6;7,4;3,8;2,4;5,4;410;350;500;368;250;561;76;61;91;145;92;217;51542;4072;6,0;4,7;7,5;3,9;2,4;5,6;425;350;500;377;260;577;76;61;91;145;92;217;52554;4078;6,1;4,8;7,8;4,0;2,5;5,7;440;355;521;390;267;583;76;61;91;144;91;217;54839;4134;6,4;5,0;8,1;4,0;2,5;5,9;450;371;550;398;275;600;76;61;90;144;90;216
34;Palencia;3530;335;4,2;3,0;5,5;2,7;1,4;4,1;350;258;420;300;196;460;86;69;106;155;102;225;3580;345;4,3;3,1;5,6;2,9;1,7;4,3;350;259;420;310;207;464;86;69;106;152;104;214;3711;361;4,2;3,0;5,4;2,8;1,6;4,0;345;250;412;300;200;450;85;69;106;153;105;213;3947;389;4,2;3,1;5,4;3,0;1,8;4,2;340;256;410;320;211;450;85;68;105;154;103;217;4313;471;4,3;3,2;5,4;2,9;1,7;4,2;350;267;408;320;210;450;86;68;106;155;105;216;4704;527;4,3;3,3;5,5;3,1;1,8;4,2;350;280;417;341;244;453;85;68;105;160;112;216;4951;565;4,4;3,4;5,6;3,2;1,9;4,3;351;292;420;350;250;475;85;68;105;158;112;215;5184;581;4,5;3,5;5,7;3,3;2,0;4,4;360;300;430;356;250;487;85;68;104;154;111;210;5411;614;4,8;3,7;6,0;3,5;2,2;4,5;380;303;450;376;250;500;85;68;104;152;106;212;5591;652;4,9;3,8;6,1;3,5;2,2;4,5;390;315;450;387;252;500;84;68;104;154;108;209;5708;647;5,0;3,9;6,3;3,4;2,1;4,5;400;325;451;392;260;501;84;68;104;157;108;210;5818;656;5,1;4,0;6,4;3,5;2,2;4,7;400;338;466;400;270;525;84;67;104;157;107;213;6128;675;5,3;4,2;6,5;3,6;2,3;4,8;412;350;480;400;298;546;84;68;104;158;108;216
35;Palmas, Las;23816;6764;5,6;4,3;7,2;4,8;2,7;7,2;400;315;500;425;330;600;74;57;93;103;65;195;25327;7510;5,5;4,2;7,1;4,8;2,7;7,2;400;305;499;420;319;591;75;57;93;102;65;193;27022;8201;5,3;4,1;6,9;4,8;2,8;7,1;397;300;480;417;317;567;75;57;94;102;65;187;29266;8996;5,3;4,1;6,9;4,9;2,8;7,1;397;300;480;419;320;580;75;58;94;102;64;184;32070;9829;5,4;4,2;6,9;4,9;2,9;7,2;399;300;480;420;325;600;75;58;94;102;64;182;34570;10732;5,5;4,3;7,1;5,1;3,2;7,4;400;320;500;450;350;600;75;58;94;103;65;182;37129;11587;5,6;4,4;7,3;5,2;3,2;7,6;400;333;500;450;350;628;75;58;94;104;65;184;38900;12149;5,8;4,5;7,6;5,3;3,2;7,9;419;350;520;467;351;650;76;58;94;105;66;187;40898;12920;6,3;4,9;8,3;5,7;3,4;8,5;450;375;573;500;380;700;76;59;94;107;67;189;42280;13547;6,4;5,0;8,4;5,6;3,3;8,2;451;380;583;500;375;674;76;59;94;108;67;192;43491;13914;6,6;5,2;8,6;5,7;3,3;8,4;475;400;600;500;400;696;76;59;94;108;68;192;44282;14253;6,9;5,4;8,9;6,0;3,5;8,9;500;400;600;507;400;702;76;59;94;108;67;192;46464;14364;7,2;5,6;9,4;6,2;3,6;9,2;500;420;650;550;403;750;76;59;94;109;68;194
36;Pontevedra;22319;2007;4,9;3,5;6,8;3,0;1,8;4,7;396;300;480;350;231;507;87;66;106;183;107;279;23120;2175;4,9;3,5;6,8;3,0;1,8;4,7;391;300;473;350;240;500;87;67;106;187;108;279;24472;2413;4,8;3,4;6,5;3,0;1,8;4,5;376;300;455;349;242;500;87;67;106;189;111;281;25995;2673;4,7;3,4;6,4;3,0;1,8;4,5;370;300;450;346;249;500;87;67;106;191;111;285;27732;3001;4,7;3,4;6,4;3,0;1,8;4,5;367;300;450;350;250;500;87;67;106;192;116;281;29434;3276;4,8;3,5;6,5;3,1;1,9;4,7;375;300;450;350;250;532;87;67;106;194;117;283;31330;3549;4,9;3,6;6,6;3,2;2,0;4,7;380;300;454;355;256;550;86;66;106;195;117;283;33426;3806;4,9;3,6;6,8;3,1;2,0;4,7;386;300;467;351;257;520;86;66;106;194;118;284;36045;4244;5,3;3,9;7,1;3,3;2,1;5,0;400;325;500;377;270;550;86;66;106;193;118;283;37503;4553;5,4;4,0;7,3;3,4;2,1;5,1;405;335;500;392;280;550;86;66;106;196;120;287;38901;4731;5,6;4,1;7,6;3,5;2,2;5,2;425;350;524;400;292;569;86;66;106;196;119;287;40119;4931;5,8;4,3;7,9;3,7;2,3;5,5;448;350;550;400;300;600;86;67;106;195;118;288;41420;5051;6,0;4,4;8,3;3,8;2,3;5,7;452;370;575;413;300;600;86;67;106;194;117;288
37;Salamanca;10620;615;4,7;3,4;6,0;3,0;1,7;4,1;397;300;480;313;200;500;87;70;103;175;115;242;10921;623;4,6;3,4;6,0;2,9;1,7;4,2;394;298;480;310;200;504;87;70;103;173;118;234;11202;681;4,5;3,3;5,8;2,8;1,7;4,1;383;294;470;325;200;500;87;70;103;175;117;238;11687;761;4,5;3,3;5,8;2,8;1,7;4,1;380;292;466;310;200;500;88;70;103;175;116;235;12415;800;4,5;3,4;5,7;2,8;1,7;3,9;376;296;460;333;200;500;88;70;103;176;123;243;13231;853;4,6;3,5;5,8;2,9;1,7;4,0;386;300;470;333;200;500;87;70;103;178;125;242;14158;900;4,6;3,6;5,9;3,0;1,9;4,0;394;300;475;350;220;500;87;70;103;181;127;244;14671;984;4,7;3,7;6,0;3,0;2,0;4,1;400;303;488;357;220;500;87;70;103;177;124;240;15454;1059;5,0;3,9;6,3;3,2;2,2;4,3;410;330;500;375;243;534;87;70;103;175;124;241;15917;1148;5,1;3,9;6,4;3,2;2,2;4,3;420;340;502;380;250;550;87;70;102;176;123;242;16393;1177;5,2;4,1;6,6;3,3;2,2;4,4;430;350;525;400;250;550;87;70;102;176;124;244;16649;1208;5,4;4,2;6,8;3,3;2,2;4,5;450;352;550;390;250;560;86;70;102;174;122;241;17540;1203;5,6;4,3;7,1;3,4;2,3;4,7;451;370;561;400;250;592;86;70;102;170;117;234
38;Santa Cruz de Tenerife;22314;3228;5,6;4,2;7,1;3,8;2,2;5,9;400;300;497;400;300;594;74;59;93;152;93;240;23073;3460;5,4;4,1;7,0;3,8;2,2;5,8;399;300;480;400;300;575;75;59;93;149;92;238;24071;3705;5,3;4,0;6,8;3,8;2,2;5,7;380;300;458;400;300;563;75;59;94;151;94;236;26406;4139;5,3;4,0;6,8;3,9;2,2;5,7;379;300;452;400;300;589;75;59;94;151;94;233;29079;4637;5,3;4,0;6,8;4,0;2,3;5,8;380;300;450;400;300;600;75;59;94;149;94;231;31469;5091;5,4;4,2;6,9;4,1;2,4;5,9;390;304;465;420;300;600;75;59;94;150;94;229;34483;5624;5,6;4,3;7,2;4,3;2,6;6,1;400;320;488;450;325;632;75;59;94;149;94;228;36601;6186;5,8;4,4;7,6;4,3;2,5;6,2;402;338;500;450;325;640;75;59;94;149;94;230;38834;6764;6,3;4,9;8,3;4,6;2,6;6,8;450;360;550;468;350;668;75;59;94;150;94;233;40807;7371;6,5;5,0;8,4;4,7;2,7;6,9;450;375;569;480;350;677;75;59;94;150;94;232;42526;7739;6,7;5,2;8,7;4,9;2,8;7,1;472;392;591;500;350;700;75;59;94;149;93;233;43761;8029;7,1;5,4;9,1;5,0;2,9;7,5;500;400;601;500;367;714;75;59;94;150;92;234;45762;8418;7,5;5,7;9,7;5,2;3,0;7,9;520;422;650;532;390;756;75;59;93;150;93;236
39;Cantabria;12210;1137;5,9;4,4;7,4;4,1;2,4;5,6;442;335;533;426;281;600;77;63;93;156;96;219;12836;1236;5,8;4,4;7,2;4,1;2,5;5,6;430;333;524;442;300;600;77;63;93;158;100;222;13250;1394;5,6;4,2;6,9;4,0;2,5;5,4;406;318;500;431;300;600;77;63;94;159;104;223;14121;1568;5,5;4,2;6,7;4,0;2,6;5,3;400;320;500;447;300;600;77;64;94;160;106;218;15739;1848;5,4;4,2;6,7;4,0;2,5;5,1;400;317;492;425;300;590;77;64;94;159;107;219;17309;2037;5,5;4,3;6,7;4,1;2,8;5,2;400;330;500;450;309;600;77;64;94;159;106;220;18815;2209;5,6;4,4;6,8;4,1;2,7;5,2;400;337;500;450;318;600;77;64;94;159;109;220;20199;2397;5,7;4,5;7,0;4,2;2,9;5,3;410;348;500;450;325;600;77;63;93;159;110;217;21960;2628;6,0;4,8;7,4;4,4;3,2;5,7;448;361;525;475;350;650;77;64;93;158;107;217;23030;2772;6,1;4,9;7,6;4,5;3,3;5,8;450;375;550;490;373;650;77;64;93;158;107;218;24076;2827;6,3;5,1;7,9;4,6;3,3;5,9;453;390;550;500;375;650;77;64;93;158;106;222;24869;2755;6,5;5,2;8,2;4,7;3,4;6,1;480;400;583;500;388;683;77;64;93;159;106;223;26170;2807;6,9;5,5;8,6;4,9;3,5;6,5;500;405;600;510;400;704;76;63;92;158;106;222
40;Segovia;3438;749;5,2;3,7;6,5;3,2;2,1;4,5;406;302;510;350;260;500;85;69;105;163;120;226;3504;745;5,0;3,6;6,4;3,2;2,1;4,3;400;300;500;352;254;500;85;70;104;168;118;230;3590;819;4,8;3,5;6,1;3,1;2,0;4,1;396;296;500;350;250;490;85;70;104;169;123;231;3851;886;4,7;3,4;6,0;3,1;2,1;4,0;375;289;490;350;250;488;85;70;105;165;118;223;4121;1005;4,6;3,4;5,9;3,0;2,1;3,9;367;291;470;350;250;467;85;70;105;162;123;223;4476;1133;4,7;3,6;5,9;3,0;2,1;4,0;370;300;465;351;260;495;84;69;105;168;125;230;4784;1230;4,7;3,7;5,9;3,0;2,2;4,0;374;300;470;354;264;480;85;69;105;168;125;227;5147;1333;4,8;3,7;6,0;3,1;2,1;4,1;380;300;475;350;268;499;84;69;105;168;124;226;5660;1405;5,1;4,0;6,4;3,3;2,3;4,3;400;309;500;378;299;500;84;68;104;168;125;228;5935;1514;5,2;4,1;6,5;3,4;2,3;4,3;400;325;500;390;300;501;83;68;104;166;123;226;6194;1565;5,4;4,2;6,8;3,4;2,4;4,5;417;333;521;400;300;548;83;68;103;165;122;226;6381;1606;5,6;4,4;7,1;3,5;2,4;4,7;440;350;550;400;300;550;83;68;103;163;119;224;6803;1670;5,9;4,5;7,5;3,7;2,6;4,9;450;357;570;404;300;600;83;68;103;165;120;223
41;Sevilla;21064;3969;6,5;4,7;8,5;4,0;2,5;5,3;500;356;623;451;300;618;77;61;97;137;109;188;22205;4292;6,4;4,6;8,2;3,9;2,5;5,1;488;350;608;450;300;600;78;61;98;137;110;187;23556;4776;6,0;4,3;7,8;3,6;2,4;4,8;450;325;597;420;300;600;78;62;98;138;112;189;25817;5398;5,9;4,3;7,6;3,6;2,5;4,7;450;328;575;420;300;586;78;62;98;138;112;188;28660;6150;5,9;4,4;7,5;3,6;2,5;4,7;450;333;567;413;300;570;79;62;99;138;111;186;31427;6907;6,0;4,5;7,7;3,7;2,7;4,8;450;350;580;425;305;597;79;62;99;138;112;186;34373;7757;6,1;4,6;7,8;3,7;2,7;4,9;455;350;600;427;313;600;79;62;98;138;112;187;36991;8426;6,3;4,8;8,1;3,8;2,7;5,0;475;352;600;440;313;600;78;62;98;138;112;186;39096;9059;6,8;5,3;8,8;4,0;3,0;5,3;507;400;653;453;350;635;78;63;98;136;111;183;40607;9586;7,0;5,4;9,0;4,1;3,0;5,4;525;400;670;470;350;650;78;63;98;136;110;183;43023;9869;7,3;5,6;9,2;4,2;3,1;5,6;548;424;683;488;350;654;78;62;97;136;109;182;45772;10136;7,6;5,9;9,6;4,3;3,1;5,8;555;450;700;500;353;685;78;62;97;135;109;181;48955;10447;8,0;6,1;10,0;4,5;3,2;6,1;595;459;743;500;375;700;77;62;96;135;108;181
42;Soria;2289;183;4,9;3,5;6,5;2,5;1,5;3,9;400;299;500;300;215;450;87;70;103;188;126;266;2320;201;4,8;3,3;6,3;2,4;1,4;3,8;395;287;500;300;215;449;86;71;103;173;122;248;2339;193;4,6;3,3;6,0;2,3;1,2;3,5;370;275;474;288;200;400;87;71;103;180;130;261;2473;202;4,4;3,2;5,8;2,4;1,4;3,5;360;271;450;300;210;400;86;71;103;189;124;262;2576;232;4,4;3,1;5,7;2,5;1,4;3,8;350;268;450;300;200;466;87;72;103;192;126;270;2764;263;4,5;3,3;5,7;2,6;1,4;4,0;356;280;450;305;224;450;87;72;103;190;130;256;2872;294;4,5;3,4;5,8;2,5;1,4;3,8;367;292;450;300;210;450;87;71;104;192;133;261;3079;296;4,7;3,5;6,0;2,6;1,6;3,8;380;300;460;321;234;456;86;71;103;192;130;263;3290;314;5,1;3,8;6,3;2,7;1,7;4,0;400;317;500;325;237;498;86;71;103;190;124;256;3455;342;5,2;3,9;6,5;2,7;1,7;4,2;405;325;500;326;249;500;86;71;103;184;119;250;3620;349;5,3;4,0;6,7;2,8;1,7;4,4;428;342;521;333;250;500;86;71;103;183;123;248;3758;353;5,5;4,2;7,0;3,0;1,8;4,6;450;350;544;350;250;520;85;71;103;186;124;261;3974;360;5,8;4,3;7,5;3,0;1,8;4,6;456;360;567;350;256;537;85;71;102;189;128;261
43;Tarragona;19622;3075;5,5;3,9;7,1;3,8;2,1;5,7;417;308;508;405;267;600;79;63;97;158;106;232;20536;3396;5,2;3,8;6,8;3,8;2,2;5,6;400;300;500;420;275;600;79;63;97;160;109;228;21880;3795;5,0;3,7;6,4;3,8;2,2;5,4;392;300;479;417;281;594;80;63;98;158;111;223;23849;4281;4,9;3,7;6,3;3,8;2,3;5,3;379;298;458;417;293;594;80;64;97;160;114;226;26134;4873;4,8;3,7;6,1;3,9;2,4;5,4;375;300;450;434;300;600;80;64;98;160;112;222;28572;5387;4,9;3,8;6,3;4,1;2,5;5,5;380;300;451;450;300;600;80;64;97;159;112;222;30869;5733;5,0;3,9;6,4;4,2;2,7;5,6;390;300;463;450;303;600;80;64;97;157;110;220;33399;6070;5,2;4,0;6,6;4,2;2,7;5,7;400;307;481;450;309;603;79;64;97;157;110;220;36326;6516;5,6;4,3;7,1;4,6;3,0;6,2;420;350;502;500;350;650;79;64;97;156;109;216;37978;6881;5,7;4,4;7,3;4,7;3,0;6,4;433;350;525;500;350;660;79;64;97;156;109;218;39753;7149;5,9;4,6;7,5;4,9;3,1;6,6;450;355;550;500;350;693;79;64;97;155;108;216;40923;7115;6,2;4,8;7,8;5,0;3,2;6,8;458;375;563;523;363;702;78;63;96;155;108;216;42842;7190;6,5;5,0;8,3;5,2;3,3;7,2;489;399;600;550;378;750;78;63;96;153;106;214
44;Teruel;2792;559;4,0;3,0;5,2;2,2;1,3;3,5;350;257;424;278;188;380;91;73;111;200;130;304;2775;579;3,8;2,8;5,0;2,1;1,3;3,2;321;250;401;258;180;351;91;72;111;207;132;315;2794;576;3,7;2,7;4,8;2,1;1,2;3,0;300;240;399;251;181;350;91;73;111;208;142;308;2922;568;3,6;2,7;4,6;2,1;1,3;3,2;300;240;379;250;180;350;91;73;111;204;132;305;3118;648;3,6;2,7;4,6;2,1;1,2;3,1;300;240;362;251;180;360;91;74;110;201;134;306;3345;691;3,6;2,7;4,6;2,1;1,2;3,2;300;245;364;250;190;355;91;73;110;202;136;304;3613;717;3,6;2,8;4,6;2,1;1,2;3,3;300;250;367;250;199;350;91;73;110;207;143;315;3823;778;3,7;2,9;4,8;2,2;1,3;3,3;304;250;380;267;200;385;91;72;110;208;147;308;4185;822;4,0;3,1;5,2;2,3;1,4;3,5;334;270;403;264;200;399;91;72;110;200;136;306;4399;876;4,1;3,2;5,3;2,4;1,4;3,5;350;280;420;275;200;383;91;72;111;199;133;306;4529;955;4,3;3,3;5,5;2,4;1,5;3,5;350;299;437;281;200;400;91;72;110;196;132;304;4620;981;4,4;3,4;5,7;2,5;1,6;3,8;365;300;450;300;211;400;91;72;110;201;136;304;4922;1039;4,6;3,6;6,1;2,6;1,6;3,9;383;300;470;300;228;400;91;72;110;195;132;304
45;Toledo;8047;2863;4,9;3,4;6,4;3,1;1,9;4,4;400;300;500;400;250;567;88;69;107;171;132;222;8295;3004;4,6;3,2;6,0;3,0;2,0;4,2;375;275;483;398;250;550;88;69;107;173;133;221;8657;3332;4,3;3,0;5,6;2,8;1,9;4,0;350;254;450;355;250;500;89;70;108;172;134;219;9480;3690;4,1;3,0;5,3;2,8;1,9;3,8;340;250;425;360;250;500;89;69;108;174;136;220;10396;4296;4,0;3,0;5,1;2,8;1,9;3,8;330;250;401;351;250;500;89;70;108;174;136;223;11550;4770;4,1;3,1;5,2;2,9;2,0;3,8;333;254;410;375;256;500;89;70;108;175;136;223;12972;5424;4,2;3,2;5,2;2,9;2,1;3,9;340;261;419;381;270;500;89;69;108;174;136;221;14496;5874;4,3;3,2;5,4;3,0;2,1;4,0;350;271;433;399;275;525;89;70;108;173;136;219;16802;6535;4,7;3,5;6,0;3,2;2,3;4,3;375;300;468;400;300;553;88;70;108;172;136;219;18218;7085;4,9;3,7;6,3;3,3;2,4;4,5;395;300;497;416;300;600;88;70;108;172;135;219;19327;7285;5,1;3,8;6,5;3,4;2,4;4,6;400;320;500;430;300;600;88;69;107;171;134;218;20495;7507;5,4;4,0;6,8;3,5;2,5;4,8;420;342;525;445;300;605;87;69;107;170;133;218;22186;7840;5,7;4,3;7,2;3,6;2,6;5,1;450;350;550;450;313;650;86;69;107;169;132;218
46;Valencia/Valéncia;52037;3689;4,6;3,2;6,1;3,7;2,2;5,5;400;287;502;400;264;600;90;72;108;168;116;233;54432;4201;4,4;3,2;5,8;3,6;2,2;5,3;395;280;500;400;261;600;90;72;109;173;120;233;58400;4886;4,2;3,1;5,5;3,6;2,2;5,1;367;269;465;400;267;583;91;72;109;174;121;232;64570;5859;4,1;3,0;5,4;3,5;2,3;4,9;350;270;450;400;270;563;91;72;109;174;123;233;72572;6939;4,1;3,1;5,4;3,5;2,3;5,0;350;274;450;400;275;575;91;72;109;174;124;233;80249;7753;4,2;3,2;5,5;3,7;2,4;5,1;360;290;450;401;293;600;91;72;109;175;127;234;88105;8577;4,3;3,3;5,6;3,7;2,5;5,2;375;300;475;425;300;600;91;72;109;176;126;235;95215;9295;4,5;3,4;5,9;3,8;2,5;5,4;397;300;500;433;300;625;91;72;109;175;126;234;103185;10089;4,9;3,7;6,6;4,2;2,8;5,9;420;333;550;461;308;671;91;72;109;174;125;233;109211;10913;5,2;3,9;6,9;4,3;2,9;6,1;450;350;575;476;325;700;90;72;109;173;124;233;116662;11462;5,4;4,0;7,2;4,4;2,9;6,4;458;353;600;500;340;707;90;72;108;172;123;233;122952;11666;5,8;4,3;7,7;4,6;3,0;6,7;500;380;642;500;350;750;90;72;108;172;122;232;131518;12080;6,2;4,5;8,3;4,8;3,1;7,2;525;400;690;518;350;800;90;72;108;172;121;232
47;Valladolid;13260;1203;5,2;4,0;6,4;3,8;2,5;4,9;420;324;500;403;278;551;84;70;104;160;110;211;13677;1291;5,1;3,9;6,3;3,7;2,5;4,7;410;317;500;403;270;550;84;70;104;161;114;209;14312;1436;4,9;3,8;6,0;3,5;2,4;4,6;400;300;483;400;261;520;85;70;104;161;115;215;15409;1621;4,8;3,8;5,9;3,5;2,3;4,5;398;300;475;397;259;519;85;70;104;161;116;214;16876;1792;4,8;3,8;5,9;3,5;2,4;4,4;391;300;462;400;275;510;85;70;104;161;117;213;18355;2008;4,9;4,0;6,0;3,6;2,6;4,5;400;323;475;400;300;534;85;70;103;164;118;218;19794;2164;5,0;4,1;6,1;3,6;2,6;4,5;400;328;479;400;300;540;84;70;103;163;120;217;21146;2300;5,1;4,1;6,3;3,6;2,7;4,6;400;333;495;410;300;533;84;70;102;161;117;210;22557;2453;5,5;4,5;6,7;3,9;2,9;4,8;438;360;515;444;320;559;84;70;102;159;116;209;23530;2542;5,6;4,5;6,9;3,9;3,0;5,0;450;369;530;450;325;594;84;70;102;160;117;212;24416;2616;5,8;4,7;7,0;4,0;3,1;5,2;450;380;550;451;349;600;83;70;102;159;115;213;25182;2562;6,0;4,8;7,3;4,2;3,1;5,3;470;396;557;463;350;608;83;69;101;157;114;212;26442;2541;6,2;5,0;7,6;4,3;3,2;5,5;491;400;584;482;350;647;83;69;101;157;114;211
49;Zamora;2892;305;3,7;2,7;4,9;2,6;1,5;3,8;339;250;400;276;186;400;94;75;113;160;109;242;2842;311;3,7;2,6;4,9;2,4;1,4;3,7;333;250;400;275;184;400;94;75;113;164;119;259;2896;348;3,7;2,6;4,8;2,5;1,4;3,7;327;250;400;275;191;400;94;75;113;164;114;249;3058;374;3,6;2,6;4,7;2,7;1,5;3,7;320;250;398;298;199;400;94;75;113;159;116;225;3230;399;3,6;2,6;4,7;2,7;1,5;3,6;312;250;385;300;200;400;93;75;113;163;116;235;3450;419;3,7;2,8;4,8;2,7;1,4;3,7;320;256;388;300;193;400;93;75;113;160;114;228;3692;460;3,7;2,9;4,7;2,7;1,6;3,8;325;263;390;300;200;400;93;75;112;164;114;234;3854;465;3,8;2,9;4,9;2,7;1,6;3,8;330;270;399;300;200;405;92;74;111;159;112;223;4185;529;4,0;3,2;5,1;2,8;1,7;3,8;350;300;400;301;207;420;92;74;110;160;115;223;4417;562;4,1;3,2;5,2;2,8;1,7;3,8;350;300;401;300;220;401;92;75;111;158;115;224;4548;605;4,2;3,3;5,3;2,8;1,8;3,8;350;300;412;300;231;415;92;74;110;164;121;234;4728;622;4,3;3,4;5,5;2,9;2,0;3,9;360;300;425;304;231;425;91;74;110;153;114;222;5025;665;4,4;3,5;5,7;3,0;2,0;4,1;375;318;448;324;250;446;91;74;109;153;113;222
50;Zaragoza;34046;2143;6,2;4,6;7,7;3,4;2,0;4,7;450;337;550;384;250;550;74;60;90;170;123;245;35078;2280;6,0;4,5;7,4;3,3;2,0;4,7;426;325;526;378;250;550;74;60;90;172;126;242;36096;2486;5,6;4,2;7,0;3,3;2,0;4,5;400;302;500;363;250;500;74;60;90;172;126;240;38036;2688;5,5;4,2;6,8;3,2;2,1;4,3;400;300;495;370;250;500;74;60;90;174;127;242;40198;2892;5,5;4,2;6,7;3,2;2,1;4,2;395;300;480;370;250;500;74;60;90;176;128;241;43024;3152;5,5;4,3;6,7;3,2;2,2;4,2;400;302;482;378;252;500;74;60;90;174;129;240;46078;3438;5,6;4,4;6,8;3,3;2,1;4,3;400;315;491;375;254;500;73;60;90;174;128;240;49390;3759;5,8;4,6;7,0;3,3;2,2;4,4;400;325;500;379;263;500;73;60;90;173;129;237;52260;4093;6,2;5,0;7,5;3,5;2,4;4,7;435;350;530;400;290;538;73;60;90;172;128;238;54680;4373;6,3;5,1;7,7;3,6;2,4;4,8;450;360;550;400;300;550;73;60;90;171;127;235;56774;4523;6,5;5,3;8,0;3,7;2,5;4,9;454;376;555;408;300;563;73;60;90;173;128;239;58121;4501;6,8;5,5;8,3;3,8;2,6;5,1;480;400;583;425;300;585;73;60;90;173;127;239;60772;4649;7,1;5,7;8,7;3,9;2,7;5,3;500;400;600;448;301;600;73;60;90;172;125;238
51;Ceuta;978;151;7,7;5,7;10,0;5,1;2,7;9,3;566;423;717;400;240;625;73;55;97;71;48;136;1122;181;7,8;5,8;9,9;5,5;3,2;9,4;583;425;717;450;300;650;74;55;98;80;51;146;1260;204;7,6;5,7;9,7;5,6;3,3;9,3;562;425;700;450;250;650;74;56;98;76;49;138;1405;216;7,6;5,6;9,9;7,0;4,0;9,8;558;450;700;471;305;601;76;56;99;68;49;130;1594;248;7,6;5,9;9,6;6,6;3,5;10,0;567;450;700;450;300;600;76;56;99;69;47;130;1679;281;7,8;6,1;9,8;6,1;3,4;9,3;590;479;700;450;245;600;76;56;99;60;46;117;1772;291;7,7;6,0;9,8;6,7;3,7;9,9;588;458;700;450;300;617;75;56;99;66;46;119;1843;321;8,0;6,3;10,0;7,0;4,0;10,3;600;499;720;480;302;631;75;56;98;67;46;127;1924;337;8,3;6,7;10,4;7,5;4,1;10,6;600;500;750;500;300;650;75;56;98;63;45;120;1978;327;8,5;6,8;10,6;8,0;4,9;11,4;623;500;750;500;383;660;75;56;98;64;46;116;2087;340;8,8;7,0;10,9;8,1;5,2;11,1;645;529;750;500;384;654;75;56;98;64;45;118;2147;318;8,8;7,1;11,1;8,1;5,3;11,4;650;550;779;550;400;725;75;56;98;66;47;116;2191;369;9,2;7,4;11,4;7,9;5,4;11,0;650;550;800;500;338;683;73;56;97;60;45;98
52;Melilla;1002;316;6,8;4,9;8,6;4,7;3,2;6,9;490;375;633;398;295;599;73;56;99;87;59;144;1128;343;6,9;5,3;9,0;4,7;3,1;6,7;500;400;655;400;288;611;73;57;99;89;60;156;1339;362;7,0;5,2;8,9;5,1;3,3;7,1;500;400;628;400;300;600;73;56;98;88;60;144;1464;405;6,9;5,3;8,9;5,2;3,2;7,2;500;400;612;406;300;550;72;55;96;88;60;155;1624;396;7,0;5,4;9,0;5,2;3,3;7,2;500;400;600;419;320;550;73;55;96;89;60;148;1801;448;7,0;5,4;9,0;5,3;3,6;7,3;500;411;601;423;320;583;72;55;96;88;60;154;1924;441;7,4;5,8;9,1;5,5;3,8;7,4;520;440;622;450;350;601;72;55;95;89;61;155;2052;456;7,6;5,9;9,5;5,2;3,2;7,3;530;450;650;440;332;574;72;57;95;90;60;153;2163;478;7,9;6,3;9,8;5,5;3,8;7,7;550;457;668;450;350;575;72;57;95;90;60;149;2298;495;8,1;6,5;10,1;5,7;3,8;7,8;554;475;688;451;366;600;71;56;94;90;60;147;2353;508;8,3;6,7;10,2;6,0;4,1;8,3;565;480;690;488;376;614;70;55;93;87;58;143;2453;502;8,6;6,9;10,6;6,4;4,3;8,7;588;500;700;500;390;630;69;53;91;86;59;142;2467;540;8,8;7,0;10,8;6,5;4,5;8,9;600;500;703;500;400;654;70;53;91;85;58;140
